{"level1":["学猫叫三声","一起恶搞自拍","给对方说悄悄话","给对方按小腿1分钟","对视5秒","喂对方喝水","手牵手30秒","拥抱30秒","对视5秒","尝试接吻的感觉","说说初次见面的感受","手牵手一分钟","对方闭上眼睛给你涂口红","一起给对方按摩","猪八戒背媳妇","摸对方耳朵2秒","摸对方头10秒","给对方唱首歌","一起喝一杯水","尝试接吻的感觉","拍一段表白的视频留作纪念","给对方梳头发","对方站着自己跪着喂食物","给对方按摩捶背1分钟","学猫叫三声","亲吻对方手背30秒","拥抱一分钟","对视5秒","一起恶搞自拍","亲吻一下对方的手","【惩罚】被挠痒痒30秒","从背后抱对方1分钟","亲吻对方额头"],"level2":["轻轻的在对方耳朵边吹气10下","在镜子前拥吻","依次亲吻对方脸脖子锁骨","躺下给对方按摩1分钟","将对方压在身下做十个俯卧撑","两人钻进被窝里亲亲","双方对视20秒","当天一起洗澡","撅起PP，让对方打10下","轻轻抚摸对方下面30秒","互相拥抱1分钟，并且抚摸对方PP","男生公主抱女生，并坚持15秒","闭上眼睛让对方为所欲为1分钟","亲吻对方的脸颊","与对方舌吻30秒","轻揉对方PP","脱掉对方指定的衣服","轻轻抚摸对方xiong30秒","和对方法式湿吻20秒","脱掉一件衣服","单膝下跪亲吻对方的手","抚摸对方的大腿30秒","亲亲对方xiong30秒","背对对方扭动屁股","买一个情趣用品","什么都不做","脱掉一件衣服","轻舔对方的耳垂10秒钟","用冰块在对方身上轻轻滑动，直到溶化","给对方一个轻柔的脚部按摩，持续2分钟","展示一种性感的舞蹈，持续1分钟","用丝巾或眼罩绑住对方的眼睛，进行一个感官探索游戏","一起观看一部情色电影或阅读一本情趣小说，然后聊聊感受","制作一个属于你们两人的性爱指南，包括喜好、愿望和界限","在户外找一个安静的地方，亲吻对方的全身，同时享受大自然的美景","使用食物进行亲吻和舔舐，例如巧克力酱或生果","和对方一起尝试新的性爱姿势或技巧，寻找新的刺激","用舌尖轻轻刺激对方耳朵","轻轻咬住对方的耳垂","为对方做一个放松的肩部按摩","温柔抚摸对方下体30秒，给予快感","闭上眼睛，让对方为你做任何事情一分钟","轻轻揉捏对方的PP","根据对方指定，脱掉任意一件衣服","温柔地抚摸对方的胸部30秒","双方一起尝试一种新的XO姿势","相互用手掌轻轻触摸对方的敏感部位","用冰块在对方身上滑动30秒","用口红在对方身上写下甜蜜的留言","穿上情趣内衣，给对方一个私密的时刻表演","为对方唱一首歌或朗诵一段情诗","模仿对方的声音和样子，玩起角色扮演游戏","在阳台或花园里裸露一会儿，享受自然的触感","本局比赛结束前用眼罩绑住眼睛"],"level3":["脱掉对方一条内裤","舔对方耳朵10秒","给对方按摩小腿","【福利】躺下对方给你按摩一分钟","和对方深情接吻30秒","挠痒痒到对方求饶为止，至少10秒","脱掉对方一件衣服","脱掉对方的所有衣服","挑逗对方敏感部位15秒","被对方伸到内衣内抓胸10秒","女方被男方公主抱在房内绕一圈","把酒水或酸奶倒在自己身上对方舔干","自拍一段接吻小视频","喝交杯酒并拍照","脱光衣服","用嘴吸吮对方手指10秒","对方舔你上半身的各个部位超过30秒","自己趴着对方舔你后背20秒","吸吮对方xiong20秒","和对方湿吻10秒","亲吻对方大腿内侧10秒","脱光衣服","将对方捆住双手直到惩罚结束","摸对方xiong或打屁股一下","被对方手伸进裤子随便摸10秒","【福利】对方口你下面30秒","揉对方nai一下","舔对方脖子到胸口30秒","舔或轻咬对方耳垂5下","跪舔对方30秒","【福利】躺下享受被对方舔遍全身1分钟","想尽办法弄对方勃起或流水"],"level4":["帮对手含住蛋蛋或阴蒂10秒舌头打转","【惩罚】撅起PP让对方打3下","【福利】对方给你口指定部位一分钟","涂上油胸对胸帮对手推胸30秒","舔对手的丝足或手指10秒","脱光衣服[或穿情趣内衣]","和对手湿吻10秒","吸吮对方手指10秒","女穿情超内衣,男舔对方后背1分钟","被对手用牙齿咬住乳头磨蹭10秒","【福利】对方含着水在你身上亲吻30秒","用嘴含住对手蛋蛋或阴蒂10秒","从背后伸手过来揉胸30秒","后入抽搐20次不许射","跟对方乳交30秒","被对方用牙齿咬住乳头磨蹭10秒","将酸奶倒在对方乳头并舔干净吃掉","揉对方胸3下或轻咬对方耳垂5下","想尽办法弄对手勃起或流水","后入插入20次并拍视频留念","拍一段给对方口的视频15秒","男方站立抱起女方悬空插入20次不许射","对着镜子拍揉胸视频10秒","用胸或JJ蹭对方的脸10秒","舔对方的脖子到胸30秒","观音坐莲30秒运动不许射","【福利】对方舔你身上的各个部位1分钟","【福利】对手帮你舔全身各个部位2分钟","用嘴含住对手蛋蛋或阴蒂30秒","被对手用JJ打脸3下或B蹭脸10秒","用手扣自己下面1分钟或lu30下","口含热水给对手进行口30秒","拍一段和对方爱爱的视频","口含冰水或冰块给对手进行口30秒","对方站着自己跪着帮他（她）口1分钟","后入抽插20次不许射"],"level5":["和对方舌吻10秒","把对方弄硬或弄湿","舔对手的脖子到胸30秒","【惩罚】对方背对着坐到身上直到游戏结束","给对方口交15秒","脱光","吸咬对方的乳头20秒","【福利】对方用嘴给你投食","拍一张给对方口交的照片","边打电话给父母边做爱","用嘴含住对方的蛋蛋或阴蒂10秒","后入抽插20次不许射","揉一下对方的胸或揪一下","跟对方乳交半分钟","对方站着自己跪着帮他（她）口10秒","将酸奶倒在对方乳头上舔干净吃掉","被对方拔一根毛","像口交一样吸吮对方手指10秒","打开门在门口口交10秒","对着镜子拍揉胸视频10秒","用奶或JJ蹭对方的脸10秒","用嘴含住对方的蛋蛋或阴蒂10秒","舔对方的脖子到胸30秒","被对方用脚踩胸或蛋蛋10秒","和对方舌吻半分钟","对方站着自己跪着帮他（她）口10秒","用嘴含住对方的蛋蛋或阴蒂半分钟","吸咬对方的乳头30秒","对着镜子后入一分钟，不许射","对方站着自己跪着帮他（她）口一分钟","从额头一直往下舔到脚趾","对手从大腿根部倒水你接着喝光","指定身上任意位置让对方舔20秒","戴上眼罩享受对方舔任意部位一分钟"],"level6":["脱光衣服趴在地方叫对方爸爸/妈妈","在阳台或花园里裸露一会儿，享受自然的触感","舔对手的脚30秒","【惩罚】肛门塞上肛塞直到游戏结束","舔对方屁眼15秒","脱光","吸咬对方的乳头20秒","【福利】对方喝您的尿","拍一张给对方口交的照片","边打电话给父母边做爱","用嘴含住对方的蛋蛋或阴蒂30秒","让你的小狗真空出去买避孕套","打对方的屁股，打红为止","边打电话给父母边做爱","【惩罚】全程带着眼罩直到游戏结束","将酸奶倒在对方乳头上舔干净吃掉","喝她/他的尿","像口交一样吸吮对方手指10秒","男用棒棒糖抽插后再舔食反复五次","对着镜子拍揉胸视频10秒","在阴道中倒满啤酒/白水供男主引用","用嘴含住对方的蛋蛋或阴蒂10秒","【惩罚】把您的裸体发给作者","被对方用脚踩胸或蛋蛋10秒","和对方舌吻半分钟","对方站着自己跪着帮他（她）口10秒","舔对手的脚30秒","在阳台或花园里裸露一会儿，享受自然的触感","用捆绳捆住TA用皮鞭抽15秒","对方站着自己跪着帮他（她）口一分钟","去楼道里尽情做爱吧","趴着撅屁股男主快慢深浅不断变化的任意抽插","被男主暴力揉搓乳房并用两指夹住乳头使劲揪","趴在地上学狗叫","戴上眼罩享受对方舔任意部位一分钟"],"level7":["去楼道里尽情做爱吧","在阳台或花园里裸露一会儿，享受自然的触感","边打电话给父母边做爱","让你的小狗真空出去买避孕套","去楼下拍个户外写真照吧","【惩罚】所有户外活动全程佩戴跳蛋直到游戏结束","让他/她牵着您去外面遛一遛","去楼道里尽情做爱吧","脱光衣服趴在地方叫对方爸爸/妈妈","去楼道里尽情做爱吧","边打电话给父母边做爱","像口交一样吸吮对方手指","车震要不要体验一下","去电梯里面露出","去超市买东西并露出","去楼道里尽情做爱吧","福利】对方在外面叫你爸爸/妈妈","【惩罚】把您的裸体发给作者","拍一张给对方口交的照片","对着阳台后入一分钟，不许射","真空逛超市","让女方穿上黑丝与高跟去加一个异性微信","屁股上写上您是肉便器","对方站着自己跪着帮他（她）口一分钟","去楼道里尽情做爱吧","脱光衣服趴在地方叫对方爸爸/妈妈","舔对手的脚30秒","【惩罚】把您的裸体发给作者","将酸奶倒在对方乳头上舔干净吃掉","让你的小狗真空出去买避孕套","让男方给他的异性朋友表白","让他/她牵着您去外面遛一遛"],"level8":["为男主捏肩捶背并不断吸吮男主耳垂","帮男主从拉链处掏出JJ用舌尖刺激","竖起男主JJ用私处为JJ做360度环绕按摩","跪着双手拷背后为男主忘我的kou交并拍视频","跪着双手拷背后被男主疯狂的抽插嘴巴一分钟","被牵狗绳趴着为男主舔JJ舔不好就被狠抽皮鞭","自己扒开蜜穴后被男主用黄瓜疯狂抽插","阴蒂被男主用嘴巴嘬住不放两分钟并不停舌舔","不断变化姿势让男主拍10张露yin道做手机壁纸","男主JJ上涂番茄酱让女仆舔食干净反复数次","被男主伸进内裤和私处，边呻吟边扭动屁股","被男主后抱亲吻，左手捏熊右手抚摸抽插蜜穴","为男主跳脱衣热舞掀衣让男主亲吻揉捏乳房","一起洗澡，并给对方打上沐浴露，游戏结束前不准洗","激烈反抗后被男主强奸，为了不吃亏把男主强奸","双手涂油变换各种手势为男主JJ做精致SPA","自摸胸部并扣模蜜穴说我好寂寞被男主拍视频","女仆用阴道吞下JJ收紧阴道为男主反复拔罐","被男主用色戒的姿势抽插一分钟","趴跪被男主双手抓胳膊用JJ爆菊花一分钟","","被男主再下体塞跳跳糖后猛烈抽插30秒","不断舌舔吸撸舌头打转让男主高潮口射并吞精","男生躺在地上，女生蹲在男脸上让男观看15秒（禁止触摸）","撅腚剥开蜜穴自摸阴蒂求男主CAO死自己算了","被疯狂吸吮乳头并被男主伸进内裤用手指抽插","在阴道中倒满啤酒/白水供男主引用","再淋浴房开着淋浴帮男主kou交","用双乳为男主推油按摩背部和臀部至男主满意","趴跪着被男主不断猛烈插入抽出数次至求饶为止","被男主暴力揉搓乳房并用两指夹住乳头使劲揪"],"level9":["女主私处上涂番茄酱让男仆舔食干净反复数次","被女王一边亲吻，一边用手隔着衣服抚摸男仆私处","被女王一只手托起下巴欣赏，另一只手伸进裤子把玩男仆JJ和蛋蛋","坐男仆身上抚摸胸部并掀起BRA用乳头碰他鼻尖挑逗","在男仆屁股上写某某的男仆让其撅屁股抓住JJ拍照留念","命男仆用JJ捶背两分钟","用gui头为女王胸部按摩两分钟","胸部涂抹酸奶让男仆舔干净","命令男仆紫薇打飞机","命令男仆用JJ蘸番茄酱喂女王吃","掀起内衣命令男仆亲吻胸部，同时扭动屁股摩擦男仆私处","男含女阴蒂吸吮直到女生喊停","听女王喊口令（1、2、1）时快时慢男仆按节奏抽插","想尽办法弄对方勃起或流水","女王把棒棒糖塞入私处让男仆舌舔","男仆为女王做背部推油并JJ涂油为阴道推油","命男仆快速抽插拨出射在胸部涂抹均匀为胸部做jing液SPA","女王撅起屁股手拍屁股对男仆说：是男人就把我CAO死","男仆带眼罩为女王丰胸按摩两分钟","女王剥跟香蕉反复紫薇后喂男仆吃掉","在男仆勃起的JJ上写上女王名字问男仆这是谁的","男仆抽插时双腿交叉着收紧阴道口","让男仆舌头围阴蒂打转一分钟吸住阴蒂舌舔一分钟","命男仆亲吻脖颈部和酥胸同时掏出男仆JJ把玩","命男仆跳劲爆脱衣舞，拖到只剩内裤后被女王使劲捏蛋蛋和JJ","用脉动瓶子给男仆紫薇，JJ涂油全部塞入瓶内","命男仆内射再让其口交把淌出来的jing液舔干净","骑男仆背上喊驾驾驾，用皮鞭抽腚演骑马游戏","命男仆隔着内裤舌舔亲吻私处","王用手紫薇后让男仆吸吮手指反复多次","命男仆用龟头不停摩擦阴蒂和阴道三分钟（禁止进入）","让男仆JJ在外阴摩擦三次然后内插一次，循环往复20次"],"custom903":["轻轻的在对方耳朵边吹气10下","在镜子前拥吻","依次亲吻对方脸脖子锁骨","躺下给对方按摩1分钟","将对方压在身下做十个俯卧撑","两人钻进被窝里亲亲","双方对视20秒","当天一起洗澡","撅起PP，让对方打10下","轻轻抚摸对方下面30秒","互相拥抱1分钟，并且抚摸对方PP","男生公主抱女生，并坚持15秒","闭上眼睛让对方为所欲为1分钟","亲吻对方的脸颊","与对方舌吻30秒","轻揉对方PP","脱掉对方指定的衣服","轻轻抚摸对方xiong30秒","和对方法式湿吻20秒","脱掉一件衣服","单膝下跪亲吻对方的手","抚摸对方的大腿30秒","亲亲对方xiong30秒","背对对方扭动屁股","什么都不做","脱掉一件衣服","轻舔对方的耳垂10秒钟","给对方一个轻柔的脚部按摩，持续2分钟","展示一种性感的舞蹈，持续1分钟","和对方舌吻10秒","把对方弄硬或弄湿","舔对手的脖子到胸30秒","【惩罚】对方背对着坐到身上直到游戏结束","给对方口交15秒","脱光","吸咬对方的乳头20秒","跟对方乳交半分钟","对方站着自己跪着帮他（她）口10秒","像口交一样吸吮对方手指10秒","打开门在门口口交10秒","对着镜子拍揉胸视频10秒","用奶或JJ蹭对方的脸10秒","用嘴含住对方的蛋蛋或阴蒂10秒","舔对方的脖子到胸30秒","被对方用脚踩胸或蛋蛋10秒","和对方舌吻半分钟","对方站着自己跪着帮他（她）口10秒","用嘴含住对方的蛋蛋或阴蒂半分钟","吸咬对方的乳头30秒","对着镜子后入一分钟，不许射","对方站着自己跪着帮他（她）口一分钟"]}