{"navigationStyle":"custom","navigationBarTitleText":"趋势","enablePullDownRefresh":false,"usingComponents":{"qs-watermark":"/components/watermark/watermark","qs-nav-bar":"/components/navBar/navBar","qs-price":"/components/price/price","qs-share":"/components/share/share","qs-tip-tool":"/components/tipTool/tipTool","u-sticky":"/uni_modules/uview-ui/components/u-sticky/u-sticky","qs-search":"/components/search/search","qs-detail-router":"/components/detailRouter/detailRouter","qs-detail":"/components/detail/detail","qs-charts":"/components/charts/charts","qs-table-sort":"/components/tableSort/tableSort","qs-table":"/components/table/table","u-icon":"/uni_modules/uview-ui/components/u-icon/u-icon","qs-bottom":"/components/bottom/bottom","qs-tab-bar":"/components/tabBar/tabBar"}}