{"navigationStyle":"custom","navigationBarTitleText":"收藏","enablePullDownRefresh":false,"usingComponents":{"qs-watermark":"/components/watermark/watermark","qs-nav-bar":"/components/navBar/navBar","u-popup":"/uni_modules/uview-ui/components/u-popup/u-popup","u-sticky":"/uni_modules/uview-ui/components/u-sticky/u-sticky","qs-search":"/components/search/search","qs-table-sort":"/components/tableSort/tableSort","qs-table-collection2":"/components/tableCollection2/tableCollection2","qs-tab-bar":"/components/tabBar/tabBar"}}