{"navigationStyle":"custom","navigationBarTitleText":"我的","enablePullDownRefresh":false,"usingComponents":{"qs-watermark":"/components/watermark/watermark","qs-nav-bar":"/components/navBar/navBar","qs-admin":"/components/admin/admin","qs-price":"/components/price/price","qs-tip-tool":"/components/tipTool/tipTool","u-icon":"/uni_modules/uview-ui/components/u-icon/u-icon","u-line":"/uni_modules/uview-ui/components/u-line/u-line","u-cell-group":"/uni_modules/uview-ui/components/u-cell-group/u-cell-group","u-cell":"/uni_modules/uview-ui/components/u-cell/u-cell","qs-tab-bar":"/components/tabBar/tabBar"}}