{"subPackages":[{"root":"packageA/"},{"root":"video/","plugins":{"m-video":{"version":"latest","provider":"wxd4709e80d42cb833","subpackage":"/video/"}}},{"root":"help/"},{"root":"cloud/"},{"root":"check/"},{"root":"addons/","plugins":{"wxacommentplugin":{"version":"latest","provider":"wx82e6ae1175f264fa","subpackage":"/addons/"}}}],"entryPagePath":"pages/camera/camera.html","pages":["pages/camera/camera","packageA/pages/pintu/pintu","packageA/pages/pintuS/pintu","packageA/pages/pintuCustom/pintu","packageA/pages/changPinTu/changPinTu","video/video","video/__plugin__/wxd4709e80d42cb833/pages/hello-page","help/help","help/minicode/minicode","cloud/cloud","check/check/check","check/detail/detail","addons/rate/rate","addons/__plugin__/wx82e6ae1175f264fa/pages/index/index"],"page":{"pages/camera/camera.html":{"window":{"disableScroll":true,"navigationStyle":"custom"}},"packageA/pages/pintu/pintu.html":{"window":{"navigationBarTitleText":"汇报拼图","navigationStyle":"custom"}},"packageA/pages/pintuS/pintu.html":{"window":{"renderer":"skyline","componentFramework":"glass-easel","disableScroll":true,"navigationStyle":"custom","navigationBarTitleText":"汇报拼图"}},"packageA/pages/pintuCustom/pintu.html":{"window":{"navigationBarTitleText":"汇报拼图","renderer":"skyline","componentFramework":"glass-easel","disableScroll":true,"navigationStyle":"custom"}},"packageA/pages/changPinTu/changPinTu.html":{"window":{"navigationStyle":"custom","renderer":"skyline","componentFramework":"glass-easel","disableScroll":true}},"video/video.html":{"window":{"navigationBarTextStyle":"white","navigationBarTitleText":"视频","navigationBarBackgroundColor":"#000000"}},"help/help.html":{"window":{"navigationBarTitleText":""}},"help/minicode/minicode.html":{"window":{"navigationBarTitleText":"小程序码"}},"cloud/cloud.html":{"window":{"navigationBarTitleText":"获取中...","enablePullDownRefresh":false,"disableScroll":false}},"check/check/check.html":{"window":{"navigationBarTitleText":"防伪验真"}},"check/detail/detail.html":{"window":{"navigationBarTitleText":"加密水印详情"}},"addons/rate/rate.html":{"window":{}},"video/__plugin__/wxd4709e80d42cb833/pages/hello-page.html":{"window":{"renderer":"webview"}},"addons/__plugin__/wx82e6ae1175f264fa/pages/index/index.html":{"window":{}}},"permission":{"scope.userLocation":{"desc":"您的地点名称将用于照片水印"},"scope.camera":{"desc":"拍摄水印照片或水印视频"},"scope.record":{"desc":"录制带声音的水印视频"}},"global":{"window":{"navigationBarTitleText":"水印相机","initialRenderingCache":"static","navigationBarBackgroundColor":"#191919","navigationBarTextStyle":"white","backgroundColor":"#1f1f1f","backgroundTextStyle":"dark","backgroundColorTop":"#191919","backgroundColorBottom":"#1f1f1f"}},"plugins":{"m-video":{"version":"latest","provider":"wxd4709e80d42cb833","subpackage":"/video/"},"wxacommentplugin":{"version":"latest","provider":"wx82e6ae1175f264fa","subpackage":"/addons/"}},"rendererOptions":{"skyline":{"defaultDisplayBlock":true,"disableABTest":true,"sdkVersionBegin":"3.0.1","sdkVersionEnd":"15.255.255"}},"preloadRule":{"pages/camera/camera":{"network":"wifi","packages":["packageA","video"]}},"style":"v2","darkmode":true,"renderer":{"allUsed":["skyline","webview"],"default":"webview"},"requiredPrivateInfos":["getLocation","onLocationChange","startLocationUpdate"],"componentFramework":{"allUsed":["exparser"],"default":"exparser"}}